size,architecture,seed_a,seed_b,exact_jaccard,match_r0,match_r1,match_r2
3,3x3,1,11,0.7021276595744681,0.825,0.975,0.9875
3,3x3,1,21,0.7021276595744681,0.825,0.9624999999999999,0.9875
3,3x3,1,31,0.6666666666666666,0.8,0.975,1.0
3,3x3,1,42,0.7777777777777778,0.875,0.9624999999999999,0.9875
3,3x3,11,21,0.7391304347826086,0.85,0.925,0.95
3,3x3,11,31,0.6,0.75,0.925,0.9875
3,3x3,11,42,0.7777777777777778,0.875,0.975,1.0
3,3x3,21,31,0.5686274509803921,0.725,0.925,0.9875
3,3x3,21,42,0.7391304347826086,0.85,0.975,1.0
3,3x3,31,42,0.7021276595744681,0.825,0.95,0.975
4,4x4,1,11,0.3559322033898305,0.525,0.8625,0.95
4,4x4,1,21,0.3333333333333333,0.5,0.8875,0.9875
4,4x4,1,31,0.42857142857142855,0.6,0.8875,0.9375
4,4x4,1,42,0.40350877192982454,0.575,0.8875,0.9625
4,4x4,11,21,0.5686274509803921,0.725,0.9,0.9375
4,4x4,11,31,0.7021276595744681,0.825,0.975,0.975
4,4x4,11,42,0.5094339622641509,0.675,0.8875,0.9875
4,4x4,21,31,0.6,0.75,0.9,0.925
4,4x4,21,42,0.5384615384615384,0.7,0.8625,0.95
4,4x4,31,42,0.6326530612244898,0.775,0.9,0.9875
5,5x5,1,11,0.7021276595744681,0.825,0.975,0.975
5,5x5,1,21,0.45454545454545453,0.625,0.875,0.9375
5,5x5,1,31,0.5384615384615384,0.7,0.9375,0.975
5,5x5,1,42,0.5384615384615384,0.7,0.9125000000000001,0.9624999999999999
5,5x5,11,21,0.45454545454545453,0.625,0.925,0.9624999999999999
5,5x5,11,31,0.6326530612244898,0.775,0.9624999999999999,1.0
5,5x5,11,42,0.6,0.75,0.975,0.9875
5,5x5,21,31,0.45454545454545453,0.625,0.8875,0.9375
5,5x5,21,42,0.5686274509803921,0.725,0.9,0.975
5,5x5,31,42,0.5686274509803921,0.725,0.9624999999999999,0.9875
6,6x6,1,11,0.5094339622641509,0.675,0.925,0.975
6,6x6,1,21,0.6666666666666666,0.8,0.925,0.975
6,6x6,1,31,0.6326530612244898,0.775,0.975,1.0
6,6x6,1,42,0.6666666666666666,0.8,0.975,1.0
6,6x6,11,21,0.48148148148148145,0.65,0.9125000000000001,0.9875
6,6x6,11,31,0.48148148148148145,0.65,0.95,0.9875
6,6x6,11,42,0.5384615384615384,0.7,0.925,0.975
6,6x6,21,31,0.6326530612244898,0.775,0.9624999999999999,0.9875
6,6x6,21,42,0.6666666666666666,0.8,0.9624999999999999,0.9875
6,6x6,31,42,0.8181818181818182,0.9,1.0,1.0
