size,architecture,seed_a,seed_b,coassignment_agreement,interface_jaccard,seed_jaccard,common_seeds
3,3x3,1,11,0.9806582238899312,0.8143382352941176,0.7021276595744681,33
3,3x3,1,21,0.9730722326454033,0.7477797513321492,0.7021276595744681,33
3,3x3,1,31,0.9696841776110069,0.7147826086956521,0.6666666666666666,32
3,3x3,1,42,0.9732551594746717,0.7666068222621185,0.7777777777777778,35
3,3x3,11,21,0.9674640400250156,0.6866438356164384,0.7391304347826086,34
3,3x3,11,31,0.9761491557223264,0.7562277580071174,0.6,30
3,3x3,11,42,0.9742417135709819,0.7652329749103942,0.7777777777777778,35
3,3x3,21,31,0.9603517823639774,0.6482412060301508,0.5686274509803921,29
3,3x3,21,42,0.9768792995622264,0.7822141560798548,0.7391304347826086,34
3,3x3,31,42,0.9759146341463415,0.7989031078610603,0.7021276595744681,33
4,4x4,1,11,0.9530417448405253,0.551762114537445,0.3559322033898305,21
4,4x4,1,21,0.9572772045028143,0.5976878612716763,0.3333333333333333,20
4,4x4,1,31,0.9646177298311445,0.5892857142857143,0.42857142857142855,24
4,4x4,1,42,0.9643449030644152,0.6038812785388128,0.40350877192982454,23
4,4x4,11,21,0.9628142589118199,0.6638554216867469,0.5686274509803921,29
4,4x4,11,31,0.9557645403377111,0.5899441340782123,0.7021276595744681,33
4,4x4,11,42,0.9668316135084428,0.6421052631578947,0.5094339622641509,27
4,4x4,21,31,0.9584693558474047,0.6462264150943396,0.6,30
4,4x4,21,42,0.964802220137586,0.6510791366906474,0.5384615384615384,28
4,4x4,31,42,0.9669332395247029,0.6615925058548009,0.6326530612244898,31
5,5x5,1,11,0.9876414946841776,0.8486772486772487,0.7021276595744681,33
5,5x5,1,21,0.9800805190744215,0.7432835820895523,0.45454545454545453,25
5,5x5,1,31,0.9807684490306442,0.7778904665314401,0.5384615384615384,28
5,5x5,1,42,0.9733841463414634,0.7026239067055393,0.5384615384615384,28
5,5x5,11,21,0.9760850531582239,0.6934235976789168,0.45454545454545453,25
5,5x5,11,31,0.9782191994996873,0.7432835820895523,0.6326530612244898,31
5,5x5,11,42,0.9744574734208881,0.7116324535679375,0.6,30
5,5x5,21,31,0.9774421513445903,0.7640562248995983,0.45454545454545453,25
5,5x5,21,42,0.9699577861163227,0.694980694980695,0.5686274509803921,29
5,5x5,31,42,0.9727939337085678,0.7124756335282652,0.5686274509803921,29
6,6x6,1,11,0.9740134459036898,0.6565821749795585,0.5094339622641509,27
6,6x6,1,21,0.9667370231394622,0.6288492706645057,0.6666666666666666,32
6,6x6,1,31,0.977567229518449,0.7022708158116064,0.6326530612244898,31
6,6x6,1,42,0.9811851156973108,0.7461139896373057,0.6666666666666666,32
6,6x6,11,21,0.9691135084427768,0.6848281642917016,0.48148148148148145,26
6,6x6,11,31,0.9759459036898062,0.7167090754877015,0.48148148148148145,26
6,6x6,11,42,0.9750390869293308,0.6710743801652893,0.5384615384615384,28
6,6x6,21,31,0.9722592245153221,0.6988155668358714,0.6326530612244898,31
6,6x6,21,42,0.9670387742338962,0.6138374899436846,0.6666666666666666,32
6,6x6,31,42,0.9791963727329581,0.722080136402387,0.8181818181818182,36
