architecture,size,seed,neurons,occupied_neurons,mean_qe,max_qe,interface_cells,interface_fraction,training_seconds
3x3,3,1,9,9,0.6267763514642866,9.536002391178783,493,0.308125,0.9016709420029656
3x3,3,11,9,9,0.6427298549155995,8.80014037079238,494,0.30875,0.9059176939990721
3x3,3,21,9,9,0.6492649033144093,9.459310435906001,491,0.306875,0.9348322970035952
3x3,3,31,9,9,0.6640155212079638,8.66773158482083,493,0.308125,0.8666907859951607
3x3,3,42,9,9,0.6510500944584103,9.086434862656624,491,0.306875,0.9309977410011925
4x4,4,1,16,16,0.4823380401341237,7.964809938382172,705,0.440625,0.8948098770051729
4x4,4,11,16,16,0.5048968655770182,8.73869594443971,704,0.44,0.901333165995311
4x4,4,21,16,16,0.5131339142332068,8.863951052982623,677,0.423125,0.8842813070004922
4x4,4,31,16,16,0.5266848041387325,8.086412725245099,719,0.449375,0.9428773469990119
4x4,4,42,16,16,0.4975927817240769,7.514196524879395,700,0.4375,0.8783760059959604
5x5,5,1,25,25,0.39921711958709977,7.484008415066185,874,0.54625,0.9496500620007282
5x5,5,11,25,25,0.39797186669249895,7.101584434172152,873,0.545625,0.9471317650022684
5x5,5,21,25,25,0.40285037397412266,6.536126032672511,878,0.54875,0.955375625002489
5x5,5,31,25,25,0.40568380282704736,6.935383965108531,879,0.549375,1.2501402519992553
5x5,5,42,25,25,0.40577682428053263,6.84117211341667,878,0.54875,0.969836297997972
6x6,6,1,36,36,0.34315445262071687,6.853128675287728,1013,0.633125,1.0810947999998461
6x6,6,11,36,35,0.3422856141483946,5.912537162256495,1013,0.633125,1.0997203469960368
6x6,6,21,36,36,0.34874830828709813,6.188491069693135,997,0.623125,1.0750781850001658
6x6,6,31,36,36,0.33851565778312553,6.362846014892791,1011,0.631875,1.0391950600023847
6x6,6,42,36,36,0.34279614992602525,6.4907560827827515,1009,0.630625,1.0138946839942946
