size,architecture,seed_a,seed_b,ari,same_cluster_jaccard
3,3x3,1,11,0.9296946324662831,0.8890582822911155
3,3x3,1,21,0.9018652025720151,0.848382411197676
3,3x3,1,31,0.8894699937506113,0.830835267226187
3,3x3,1,42,0.9019485333628804,0.8482979412116831
3,3x3,11,21,0.8820278328664471,0.8206884666752833
3,3x3,11,31,0.9134821473229192,0.8652635111860874
3,3x3,11,42,0.9060503636427362,0.8543472591204254
3,3x3,21,31,0.8558047205570454,0.7849711276741879
3,3x3,21,42,0.9154490870279757,0.8678793510113645
3,3x3,31,42,0.9118829078931204,0.8626760563380281
4,4x4,1,11,0.7160088814958657,0.5895243952439524
4,4x4,1,21,0.7506224035687721,0.6316052012484075
4,4x4,1,31,0.7933859616352664,0.6848097827979304
4,4x4,1,42,0.7919349237636392,0.6829688738131316
4,4x4,11,21,0.7729278934806108,0.6574416142761467
4,4x4,11,31,0.7297618663714243,0.6051634511390992
4,4x4,11,42,0.7975195705076613,0.6887749488370046
4,4x4,21,31,0.7552512180271495,0.6368768924765726
4,4x4,21,42,0.7927156898805777,0.6836910323509783
4,4x4,31,42,0.8051853734958845,0.6998516962682807
5,5x5,1,11,0.8862929959318279,0.806440159167432
5,5x5,1,21,0.8181625770502315,0.707555290309993
5,5x5,1,31,0.826381906154905,0.7190864972880389
5,5x5,1,42,0.7622172220666581,0.634449586102492
5,5x5,11,21,0.7829829889230019,0.6606921029281277
5,5x5,11,31,0.8045165374250531,0.6893141092117441
5,5x5,11,42,0.77312154242703,0.6483868884919183
5,5x5,21,31,0.7990793848111736,0.6821886426714834
5,5x5,21,42,0.7351525649042547,0.6014477723388368
5,5x5,31,42,0.7626902520440235,0.6355582549688986
6,6x6,1,11,0.6581286587666934,0.5056290061123422
6,6x6,1,21,0.5990059445922615,0.4452845931217897
6,6x6,1,31,0.7095435093977119,0.5639833470082354
6,6x6,1,42,0.750898393062506,0.6137997432605905
6,6x6,11,21,0.634041715345892,0.4815640991995801
6,6x6,11,31,0.6943582725150532,0.5466666666666666
6,6x6,11,42,0.6758506705674892,0.5253808992939428
6,6x6,21,31,0.6759063751444347,0.5271307499600234
6,6x6,21,42,0.6072620246984398,0.4538554201261609
6,6x6,31,42,0.7340425819152979,0.5934740765635025
