neuron,row,col,cells,Ux_star,Uy_star,U_mag_star,gradU_mag_star
0,0,0,312,-0.016528924011044967,-0.0017946866822897486,0.023771879001364432,0.5115588317689364
1,0,1,99,-0.05083416533374681,-0.03774229260369861,0.08796106533314972,1.1442709203393582
2,0,2,100,-0.14953953930022026,-0.09876242308947794,0.1932551129035192,1.3935075027036028
3,0,3,65,-0.16041944666839714,-0.22164790755266936,0.2886941091910587,1.7911475346870218
4,1,0,128,-0.05368878431258757,0.03909542208595685,0.07642177179782154,0.8415948634535046
5,1,1,116,-0.10783382726250422,0.0021659026555201607,0.13457483004382367,1.0489678305590147
6,1,2,50,-0.061626377440926965,-0.1466297827831018,0.20296505877736118,2.5253173948423036
7,1,3,92,-0.09153038820979517,-0.3337196136500333,0.36162158736110545,2.8708621322614913
8,2,0,132,-0.09642744201822226,0.11692062513058409,0.1647823613696662,0.9111375525237033
9,2,1,61,-0.005846949171981552,0.08755166888319399,0.15558455496801732,1.8639830282266214
10,2,2,51,0.26384272956029614,-0.034181332120413056,0.33907609950831913,4.533700959736491
11,2,3,26,0.15568490706540605,-0.1834499898858068,0.3709379716880159,8.378237635266307
12,3,0,212,-0.05270364301780525,0.18910486974846244,0.2093989722328116,1.0054806592327994
13,3,1,54,0.13636809378024242,0.11867595389719747,0.24618670266279163,3.0532710496192643
14,3,2,80,0.6148437618345526,0.009579052115744073,0.6228357305551993,6.810424494270656
15,3,3,22,0.5983614524137808,-0.0155853074897981,0.6143301117503804,15.57196647260785
