budget_fraction,n_cells,indicator,captured_error2_fraction
0.01,16,Perfect error oracle,0.8913690836764423
0.01,16,Gradient |gradU|,0.8455674198593414
0.01,16,SOM quantization error,0.8494188488605598
0.01,16,SOM BMU oracle,0.7841311992860109
0.02,32,Perfect error oracle,0.9287248558831166
0.02,32,Gradient |gradU|,0.884546450642235
0.02,32,SOM quantization error,0.8612344051536607
0.02,32,SOM BMU oracle,0.864629000047775
0.05,80,Perfect error oracle,0.9566640189057386
0.05,80,Gradient |gradU|,0.9148206524811848
0.05,80,SOM quantization error,0.9058218762833815
0.05,80,SOM BMU oracle,0.8992381104151236
0.1,160,Perfect error oracle,0.9699999917510336
0.1,160,Gradient |gradU|,0.9309638512278738
0.1,160,SOM quantization error,0.9483950534375037
0.1,160,SOM BMU oracle,0.9325367144427852
0.2,320,Perfect error oracle,0.9825338766165843
0.2,320,Gradient |gradU|,0.958364935114796
0.2,320,SOM quantization error,0.9689662439408576
0.2,320,SOM BMU oracle,0.966498167986161
0.3,480,Perfect error oracle,0.9896247912948831
0.3,480,Gradient |gradU|,0.969151759787233
0.3,480,SOM quantization error,0.9796746731871752
0.3,480,SOM BMU oracle,0.9805437553732845
