name,method,budget,selected_cells,final_cells,execution_time_s,courant_mean_final,courant_max,mean_v_error,rms_v_error,max_error,max_error_x_over_L,max_error_y_over_L,total_volume,mesh_ok
SOM_QE_20,som_qe,0.2,320,2560,13.77,0.158361,0.962294,0.0020045616873586754,0.003923575755060396,0.136147929695971,0.99375,0.99375,0.0001,True
SOM_QE_15,som_qe,0.15,240,2320,12.53,0.150119,0.962023,0.0022905020333641346,0.004175084760244993,0.13614583428257754,0.99375,0.99375,9.999999999999999e-05,True
GRAD_15,gradient,0.15,240,2320,13.62,0.152683,0.961975,0.0012956484956459415,0.0035054687215702583,0.1361480211699717,0.99375,0.99375,9.999999999999999e-05,True
GRAD_05,gradient,0.05,80,1840,9.64,0.129143,0.954832,0.001845794253489121,0.003994195375006338,0.1361354517622029,0.99375,0.99375,0.00010000000000000002,True
GRAD_10,gradient,0.1,160,2080,11.64,0.143197,0.96213,0.0016564478796982716,0.0037557509188251405,0.1361354517622029,0.99375,0.99375,0.00010000000000000002,True
GRAD_20,gradient,0.2,320,2560,14.05,0.159459,0.961912,0.0011050294876109893,0.003384499872395086,0.136147929695971,0.99375,0.99375,0.0001,True
SOM_QE_05,som_qe,0.05,80,1840,9.62,0.128984,0.961934,0.002348628752250803,0.004392402611122778,0.13619802941488934,0.99375,0.99375,0.00010000000000000002,True
SOM_QE_10,som_qe,0.1,160,2080,11.24,0.140901,0.961736,0.0026280295818725463,0.004492053740064703,0.1361456132032871,0.99375,0.99375,0.00010000000000000002,True
HYBRID_10,hybrid,0.1,160,2080,11.09,0.142611,0.962166,0.0015830959834689804,0.0037090675271956148,0.13614717530855744,0.99375,0.99375,0.00010000000000000002,True
HYBRID_05,hybrid,0.05,80,1840,9.32,0.12821,0.949272,0.0018411690831453005,0.0040308655284678535,0.1361351396756145,0.99375,0.99375,0.00010000000000000002,True
HYBRID_15,hybrid,0.15,240,2320,12.5,0.15207,0.96195,0.0013940094764288023,0.00355646288037558,0.1361480211699717,0.99375,0.99375,0.00010000000000000002,True
HYBRID_20,hybrid,0.2,320,2560,14.68,0.158478,0.961881,0.0012424547049047707,0.003453293335968049,0.136147929695971,0.99375,0.99375,0.00010000000000000002,True
