method,from_budget_percent,to_budget_percent,cells_added,rms_improvement_percent,mean_improvement_percent
gradient,5.0,10.0,240,5.969774480068439,10.258260010994126
gradient,10.0,15.0,240,6.663972203278992,21.781511418158036
gradient,15.0,20.0,240,3.450860891464886,14.712247085192153
hybrid,5.0,10.0,240,7.983347472137591,14.016806063000445
hybrid,10.0,15.0,240,4.114366904920795,11.944096189655617
hybrid,15.0,20.0,240,2.9009031691793523,10.871860922520833
som_qe,5.0,10.0,240,-2.268715729511158,-11.896338633934251
som_qe,10.0,15.0,240,7.056215222733166,12.843369452025266
som_qe,15.0,20.0,240,6.02404548955425,12.483741199108847
