grad_bin,transition_group,cells,grad_mean,transition_mean,error_mean,error_median,error_rms
G1 lowest,T = 0,275,0.3015898345478015,0.0,0.0009675488894932666,0.0002986876566854,0.0020434694740723283
G1 lowest,T > 0,45,0.49973438832031575,0.35,0.0006113193944575155,0.0006187224665591,0.0006296954663698438
G2,T = 0,230,0.645817492566745,0.0,0.0016701813985683825,0.00146447892470385,0.0020625899152873677
G2,T > 0,90,0.6279748584874527,0.3861111111111111,0.0011544542327461655,0.0006962263616846,0.0013884957970414758
G3,T = 0,193,0.9470000858601816,0.0,0.002738645478898992,0.0026180793056409,0.0032981557633056996
G3,T > 0,127,0.9612594265257393,0.3838582677165354,0.0020853340989254975,0.0020186255379589,0.0024450408321442835
G4,T = 0,105,1.6696138233282856,0.0,0.004076334014192943,0.0036185226439805,0.005256098154084522
G4,T > 0,215,1.8535601577867173,0.3802325581395349,0.002179241064437254,0.0014200370331879,0.0033453855480557217
G5 highest,T = 0,97,5.968593145043682,0.0,0.00450999193018974,0.0032711730311921,0.00608257608979707
G5 highest,T > 0,223,6.670557608090222,0.398729446935725,0.011010724511202408,0.004140251983877,0.03265047790800231
