neuron,cells,grad_mean,grad_median,grad_max,QE_mean,QE_median,QE_max,Umag_mean,population_fraction
0,312,0.43108784333686145,0.39973674586498154,2.368983364621204,0.1707782604063405,0.1597947507351627,0.6809530408661671,0.018833297419441657,0.195
1,99,1.2603370882011768,0.8597127082066427,4.726188799782354,0.3709828458663165,0.3058391356016646,1.1680393977800476,0.07991832020788288,0.061875
2,100,1.2099497926490654,1.0931881657266005,2.360922816239446,0.4378520434663465,0.45770393107052,0.7546913003862327,0.20537412609954164,0.0625
3,65,1.6772375664374837,1.4987523078881315,2.984792045286237,0.4213373551450154,0.4197671502290827,0.6898579981849894,0.2908197795121728,0.040625
4,128,0.8463425099065798,0.5903353770518305,3.1030676552311327,0.28994275397759023,0.26450680769485035,0.7774555760101785,0.07314422692907804,0.08
5,116,0.8303842384761938,0.6962587379135705,2.0391695913640926,0.39449539357535257,0.3540181271488587,0.7420600665568705,0.1531183604391119,0.0725
6,50,3.0359556819196474,2.949962683948228,7.023188479309953,0.6311508372289107,0.5513331751518655,1.6047156446801147,0.1746104468221487,0.03125
7,92,2.865314468192273,2.4269088611074388,6.934634848783026,0.8818753122066963,0.8543633072694681,1.7108655448901495,0.4087192697473646,0.0575
8,132,0.8935751108021649,0.7812444294664656,1.6725087058296588,0.35180504837766324,0.3476181011300794,0.7219645390786915,0.17223283414357515,0.0825
9,61,2.084308596793088,1.8396624452937007,6.282430644049245,0.49798121700510334,0.4185410472150276,1.426443526714862,0.12143134295142258,0.038125
10,51,4.708248132698086,4.177669541478838,7.951037690474371,0.8560316015665403,0.8047787125233337,1.5289008453969652,0.34043726113502343,0.031875
11,26,10.440154209720955,9.895599305734374,15.969017160627011,1.7008176928264054,1.6710955518279924,2.992260957127656,0.2787581958881407,0.01625
12,212,0.9049511186567389,0.7538876911000387,3.827771021064348,0.3351823225345638,0.3230751320962967,0.9932406037442372,0.21577623441097157,0.1325
13,54,4.017948595617932,3.142618845703196,12.002643121936268,0.7952660161048531,0.6136569139660449,3.032041111529979,0.20154395578352455,0.03375
14,80,6.812452945091607,6.397101255041589,11.050602677743164,1.2382608489635694,1.0838961388353066,2.2814159149170634,0.6974377458614237,0.05
15,22,19.809950686463058,16.112190894931274,38.11147035321519,2.8020051414075815,1.9283590229781407,7.514196524879395,0.5999329222366708,0.01375
