neuron,cells,gradU_mean,Umag_mean,both,grad_only,som_only,neither,selected_gradient,selected_som,gradient_fraction,som_fraction
0,312,0.5115588317689364,0.0237718790013644,0,0,0,312,0,0,0.0,0.0
1,99,1.1442709203393582,0.0879610653331497,0,0,1,98,0,1,0.0,0.010101010101010102
2,100,1.3935075027036028,0.1932551129035192,0,0,0,100,0,0,0.0,0.0
3,65,1.7911475346870218,0.2886941091910587,0,0,0,65,0,0,0.0,0.0
4,128,0.8415948634535046,0.0764217717978215,0,0,0,128,0,0,0.0,0.0
5,116,1.0489678305590149,0.1345748300438236,0,0,0,116,0,0,0.0,0.0
6,50,2.525317394842304,0.2029650587773611,4,0,5,41,4,9,0.08,0.18
7,92,2.870862132261492,0.3616215873611054,11,0,24,57,11,35,0.11956521739130435,0.3804347826086957
8,132,0.9111375525237032,0.1647823613696662,0,0,0,132,0,0,0.0,0.0
9,61,1.8639830282266212,0.1555845549680173,2,0,0,59,2,2,0.03278688524590164,0.03278688524590164
10,51,4.533700959736491,0.3390760995083191,8,7,5,31,15,13,0.29411764705882354,0.2549019607843137
11,26,8.378237635266307,0.3709379716880159,20,4,2,0,24,22,0.9230769230769231,0.8461538461538461
12,212,1.0054806592327994,0.2093989722328116,0,0,0,212,0,0,0.0,0.0
13,54,3.0532710496192643,0.2461867026627916,8,3,1,42,11,9,0.2037037037037037,0.16666666666666666
14,80,6.810424494270656,0.6228357305551993,38,33,9,0,71,47,0.8875,0.5875
15,22,15.57196647260785,0.6143301117503804,22,0,0,0,22,22,1.0,1.0
